forecast_id,region,seasonality_index,discount_pct,forecast_accurate
1,A,448.6,0.32,1
2,D,325.27,0.38,1
3,B,167.23,0.197,0
4,A,441.22,0.126,1
5,A,124.43,0.308,0
6,C,215.92,0.394,0
7,D,331.19,0.427,1
8,B,226.95,0.408,0
9,C,301.76,0.469,1
10,C,398.28,0.498,1
11,A,379.94,0.191,1
12,B,139.25,0.103,0
13,D,498.48,0.351,1
14,C,234.24,0.454,0
15,A,455.29,0.109,1
16,B,169.63,0.415,0
17,B,351.77,0.385,1
18,A,111.11,0.466,0
19,B,208.77,0.385,0
20,C,194.17,0.13,0
21,A,366.96,0.39,1
22,D,245.65,0.425,0
23,D,267.15,0.005,0
24,B,496.23,0.297,1
25,D,64.66,0.387,0
26,A,41.51,0.324,0
27,C,280.23,0.39,1
28,D,196.4,0.218,0
29,A,215.78,0.457,0
30,D,79.18,0.479,0
31,A,59.97,0.203,0
32,D,276.31,0.188,0
33,C,409.4,0.278,1
34,C,109.61,0.11,0
35,A,67.39,0.155,0
36,B,173.05,0.191,0
37,A,67.28,0.439,0
38,B,212.46,0.08,0
39,A,432.5,0.415,1
40,A,213.96,0.137,0
41,A,392.19,0.302,1
42,D,243.47,0.113,0
43,C,308.98,0.145,1
44,A,494.65,0.158,1
45,B,64.69,0.291,0
46,C,259.67,0.183,0
47,C,259.78,0.426,0
48,D,211.72,0.318,0
49,C,83.86,0.173,0
50,A,311.7,0.278,1
51,C,487.16,0.295,1
52,B,485.87,0.464,1
53,D,298.29,0.164,1
54,A,349.24,0.491,1
55,A,489.25,0.485,1
56,C,359.88,0.373,1
57,B,424.09,0.421,1
58,A,118.36,0.122,0
59,B,454.51,0.248,1
60,D,272.8,0.428,0
61,B,404.32,0.023,1
62,B,358.78,0.115,1
63,B,86.6,0.124,0
64,A,431.67,0.159,1
65,D,489.86,0.174,1
66,C,294.78,0.11,1
67,D,456.79,0.268,1
68,A,295.13,0.402,1
69,D,70.68,0.103,0
70,A,296.11,0.242,1
71,A,421.71,0.105,1
72,D,22.61,0.143,0
73,B,238.16,0.256,0
74,D,207.77,0.029,0
75,C,118.29,0.236,0
76,D,297.97,0.18,1
77,A,422.92,0.103,1
78,B,180.27,0.434,0
79,C,201.27,0.135,0
80,C,246.47,0.49,0
81,B,377.93,0.101,1
82,A,176.27,0.347,0
83,C,15.78,0.046,0
84,D,336.27,0.43,1
85,B,183.91,0.085,0
86,A,319.85,0.246,1
87,B,399.55,0.161,1
88,D,367.42,0.294,1
89,B,120.97,0.328,0
90,D,106.0,0.283,0
91,D,290.41,0.163,1
92,C,416.94,0.476,1
93,A,210.73,0.3,0
94,B,180.51,0.222,0
95,B,479.58,0.291,1
96,B,145.25,0.178,0
97,A,87.52,0.037,0
98,C,59.83,0.435,0
99,A,247.03,0.085,0
100,B,185.14,0.442,0
101,D,406.91,0.435,1
102,B,312.79,0.359,1
103,B,432.94,0.122,1
104,C,269.57,0.38,0
105,B,452.21,0.312,1
106,D,193.65,0.222,0
107,D,165.54,0.122,0
108,A,66.61,0.252,0
109,D,384.2,0.173,1
110,A,341.93,0.477,1
111,B,491.13,0.124,1
112,D,189.77,0.301,0
113,D,264.84,0.401,0
114,A,419.59,0.21,1
115,C,426.13,0.369,1
116,B,58.67,0.445,0
117,A,420.83,0.114,1
118,A,337.38,0.429,1
119,D,209.45,0.238,0
120,C,187.02,0.096,0
121,A,148.61,0.239,0
122,C,27.2,0.271,0
123,C,360.5,0.432,1
124,B,363.65,0.442,1
125,B,92.85,0.17,0
126,B,422.93,0.431,1
127,D,489.95,0.215,1
128,B,345.32,0.016,1
129,D,467.87,0.425,1
130,A,98.89,0.265,0
131,A,474.33,0.07,1
132,B,305.83,0.209,1
133,A,361.37,0.025,1
134,A,451.28,0.312,1
135,D,363.54,0.101,1
136,A,139.23,0.025,0
137,C,145.33,0.182,0
138,D,294.69,0.217,1
139,A,174.21,0.398,0
140,D,115.44,0.497,0
141,A,140.95,0.463,0
142,A,220.73,0.469,0
143,D,35.85,0.294,0
144,D,299.27,0.126,1
145,A,295.38,0.09,1
146,C,182.55,0.016,0
147,B,259.55,0.429,0
148,A,162.58,0.424,0
149,B,40.72,0.447,0
150,C,119.39,0.222,0
151,A,148.45,0.264,0
152,D,402.33,0.321,1
153,B,348.26,0.02,1
154,B,488.74,0.242,1
155,D,118.22,0.494,0
156,D,34.8,0.068,0
157,A,104.27,0.246,0
158,C,129.33,0.054,0
159,A,430.23,0.398,1
160,B,476.37,0.334,1
161,A,348.76,0.151,1
162,D,146.11,0.103,0
163,C,122.48,0.138,0
164,B,449.33,0.187,1
165,B,495.18,0.073,1
166,D,377.4,0.038,1
167,C,324.21,0.061,1
168,A,241.88,0.39,0
169,D,232.23,0.211,0
170,B,198.67,0.023,0
171,A,312.42,0.057,1
172,C,337.97,0.362,1
173,A,363.05,0.301,1
174,C,359.83,0.017,1
175,A,453.8,0.115,1
176,D,375.85,0.056,1
177,A,401.53,0.061,1
178,D,272.8,0.488,0
179,C,258.63,0.0,0
180,D,274.12,0.393,0
181,C,42.63,0.143,0
182,A,345.43,0.382,1
183,D,157.39,0.304,0
184,A,271.38,0.014,0
185,A,216.54,0.394,0
186,A,387.26,0.167,1
187,B,250.51,0.051,0
188,B,191.42,0.01,0
189,C,247.18,0.414,0
190,B,133.66,0.459,0
191,B,434.23,0.027,1
192,A,421.32,0.016,1
193,B,27.75,0.237,0
194,A,156.11,0.085,0
195,A,292.69,0.439,1
196,C,324.02,0.456,1
197,B,131.54,0.05,0
198,A,403.93,0.321,1
199,B,167.9,0.394,0
200,D,246.5,0.142,0
201,C,395.62,0.214,1
202,C,82.18,0.292,0
203,A,68.34,0.039,0
204,A,374.36,0.473,1
205,C,339.86,0.216,1
206,D,30.31,0.026,0
207,D,247.45,0.124,0
208,A,132.78,0.114,0
209,C,175.29,0.492,0
210,D,477.67,0.295,1
211,C,313.49,0.264,1
212,B,476.21,0.344,1
213,A,228.93,0.192,0
214,D,482.8,0.196,1
215,C,252.59,0.432,0
216,B,398.72,0.41,1
217,A,212.53,0.175,0
218,B,70.06,0.485,0
219,B,492.1,0.007,1
220,D,203.84,0.119,0
221,C,186.94,0.21,0
222,A,369.74,0.224,1
223,A,169.75,0.112,0
224,A,83.73,0.053,0
225,B,109.08,0.392,0
226,A,170.32,0.033,0
227,B,491.45,0.285,1
228,A,210.43,0.262,0
229,D,234.43,0.197,0
230,B,382.26,0.442,1
231,C,159.52,0.32,0
232,A,390.58,0.191,1
233,A,215.41,0.334,0
234,B,367.32,0.028,1
235,D,479.12,0.42,1
236,C,200.19,0.465,0
237,B,270.64,0.315,0
238,D,132.59,0.327,0
239,C,374.02,0.429,1
240,B,187.13,0.073,0
241,D,414.8,0.113,1
242,B,376.54,0.353,1
243,C,26.67,0.101,0
244,D,323.04,0.403,1
245,D,222.57,0.306,0
246,B,313.59,0.38,1
247,A,337.93,0.5,1
248,D,235.99,0.346,0
249,D,75.05,0.373,0
250,D,313.59,0.106,1
251,C,43.98,0.434,0
252,C,354.92,0.301,1
253,B,228.69,0.349,0
254,A,11.56,0.488,0
255,D,129.54,0.286,0
256,D,127.7,0.257,0
257,D,55.78,0.103,0
258,D,215.24,0.083,0
259,C,211.03,0.002,0
260,A,283.99,0.175,1
261,D,247.58,0.078,0
262,B,67.51,0.358,0
263,C,123.32,0.015,0
264,D,415.01,0.479,1
265,B,103.06,0.234,0
266,D,129.6,0.023,0
267,C,482.15,0.006,1
268,C,453.28,0.004,1
269,C,162.67,0.358,0
270,A,46.96,0.278,0
271,A,56.42,0.457,0
272,D,26.2,0.485,0
273,C,243.42,0.306,0
274,D,207.17,0.298,0
275,B,37.31,0.172,0
276,A,377.7,0.212,1
277,C,346.86,0.098,1
278,B,26.74,0.397,0
279,A,128.29,0.352,0
280,D,46.59,0.004,0
281,D,428.66,0.467,1
282,B,209.6,0.338,0
283,D,99.58,0.017,0
284,D,375.39,0.245,1
285,C,440.65,0.422,1
286,A,185.06,0.129,0
287,C,233.35,0.291,0
288,B,299.98,0.357,1
289,C,479.75,0.17,1
290,A,149.31,0.385,0
291,C,379.31,0.492,1
292,B,127.42,0.24,0
293,D,379.75,0.28,1
294,A,435.96,0.271,1
295,A,347.39,0.293,1
296,A,24.21,0.002,0
297,A,15.59,0.499,0
298,D,309.61,0.008,1
299,C,25.94,0.263,0
300,B,222.8,0.29,0
301,B,409.84,0.253,1
302,A,462.7,0.367,1
303,B,178.91,0.299,0
304,A,136.26,0.2,0
305,A,341.24,0.195,1
306,A,377.55,0.035,1
307,B,67.69,0.337,0
308,C,312.52,0.014,1
309,A,253.55,0.34,0
310,C,274.47,0.142,0
311,A,398.98,0.081,1
312,C,173.34,0.3,0
313,B,219.89,0.319,0
314,B,300.46,0.405,1
315,C,163.66,0.045,0
316,B,122.66,0.297,0
317,D,161.19,0.08,0
318,B,497.22,0.262,1
319,D,262.15,0.092,0
320,A,146.53,0.191,0
321,C,278.1,0.252,1
322,D,183.4,0.064,0
323,B,138.04,0.341,0
324,D,244.16,0.06,0
325,A,429.35,0.265,1
326,B,380.34,0.18,1
327,B,232.26,0.01,0
328,A,99.54,0.286,0
329,B,266.38,0.111,0
330,A,61.75,0.332,0
331,A,102.41,0.262,0
332,C,277.97,0.487,1
333,D,29.48,0.397,0
334,A,247.81,0.417,0
335,D,479.17,0.183,1
336,D,138.63,0.259,0
337,B,448.34,0.101,1
338,D,131.53,0.164,0
339,D,209.83,0.229,0
340,C,119.4,0.175,0
341,D,290.51,0.118,1
342,D,362.6,0.271,1
343,D,95.78,0.068,0
344,B,155.99,0.109,0
345,B,22.88,0.055,0
346,C,381.1,0.106,1
347,D,481.84,0.187,1
348,B,24.29,0.226,0
349,A,124.39,0.4,0
350,C,408.6,0.043,1
351,B,301.24,0.485,1
352,B,10.01,0.475,0
353,A,178.18,0.265,0
354,B,132.59,0.315,0
355,B,374.12,0.036,1
356,B,375.41,0.063,1
357,D,420.41,0.397,1
358,C,479.71,0.241,1
359,C,264.47,0.412,0
360,B,113.13,0.34,0
361,C,68.42,0.076,0
362,B,78.47,0.36,0
363,D,148.85,0.095,0
364,D,436.41,0.317,1
365,D,115.67,0.089,0
366,D,460.43,0.381,1
367,C,98.63,0.03,0
368,A,219.14,0.025,0
369,B,94.04,0.498,0
370,A,101.86,0.348,0
371,B,366.1,0.438,1
372,B,140.77,0.369,0
373,B,255.82,0.296,0
374,A,282.44,0.087,1
375,B,101.97,0.237,0
376,B,42.1,0.257,0
377,D,497.56,0.157,1
378,C,272.81,0.363,0
379,D,458.42,0.308,1
380,B,46.48,0.114,0
381,D,80.98,0.04,0
382,C,362.97,0.069,1
383,C,364.26,0.066,1
384,B,475.9,0.476,1
385,D,172.89,0.105,0
386,C,190.23,0.047,0
387,D,299.41,0.257,1
388,A,436.26,0.487,1
389,B,459.6,0.451,1
390,C,128.13,0.398,0
391,A,88.83,0.163,0
392,B,229.68,0.107,0
393,C,395.12,0.003,1
394,C,245.93,0.488,0
395,C,295.67,0.379,1
396,C,320.19,0.266,1
397,C,304.4,0.074,1
398,A,364.22,0.337,1
399,B,285.68,0.1,1
400,D,88.83,0.285,0
401,D,265.35,0.037,0
402,C,382.04,0.219,1
403,B,130.73,0.103,0
404,D,478.39,0.159,1
405,A,309.18,0.098,1
406,B,267.75,0.069,0
407,C,76.91,0.197,0
408,B,236.78,0.145,0
409,B,149.11,0.268,0
410,D,20.27,0.425,0
411,D,432.38,0.374,1
412,A,187.25,0.484,0
413,B,295.53,0.224,1
414,C,100.27,0.489,0
415,D,299.74,0.053,1
416,A,130.83,0.405,0
417,D,468.77,0.474,1
418,A,332.83,0.204,1
419,A,217.97,0.096,0
420,D,62.41,0.351,0
421,B,450.3,0.35,1
422,A,203.2,0.011,0
423,B,234.11,0.195,0
424,C,23.05,0.366,0
425,C,106.77,0.174,0
426,A,331.66,0.03,1
427,D,216.53,0.307,0
428,C,77.09,0.023,0
429,C,272.55,0.374,0
430,A,38.8,0.269,0
431,A,317.39,0.455,1
432,A,135.45,0.194,0
433,C,64.35,0.199,0
434,C,103.99,0.306,0
435,C,443.47,0.009,1
436,B,376.22,0.21,1
437,C,71.44,0.486,0
438,D,399.66,0.0,1
439,C,415.17,0.183,1
440,C,85.1,0.177,0
441,C,211.33,0.43,0
442,A,403.46,0.045,1
443,B,335.68,0.331,1
444,B,296.65,0.497,1
445,A,164.92,0.067,0
446,B,429.35,0.489,1
447,D,304.5,0.244,1
448,B,56.09,0.358,0
449,D,472.04,0.464,1
450,B,134.13,0.151,0
451,A,329.74,0.26,1
452,A,265.83,0.233,0
453,C,464.6,0.142,1
454,C,386.61,0.307,1
455,B,62.1,0.07,0
456,B,286.49,0.051,1
457,C,190.43,0.019,0
458,A,329.2,0.146,1
459,B,378.23,0.309,1
460,B,134.3,0.247,0
461,A,66.41,0.015,0
462,B,143.15,0.032,0
463,A,405.28,0.125,1
464,A,478.6,0.39,1
465,C,333.8,0.132,1
466,B,176.12,0.108,0
467,D,191.62,0.38,0
468,B,235.78,0.019,0
469,B,32.97,0.41,0
470,C,134.91,0.278,0
471,D,188.18,0.335,0
472,A,385.04,0.404,1
473,C,323.55,0.388,1
474,A,382.06,0.252,1
475,A,206.7,0.468,0
476,A,33.64,0.362,0
477,B,402.82,0.065,1
478,B,103.72,0.429,0
479,B,55.36,0.423,0
480,A,477.67,0.429,1
481,D,392.46,0.4,1
482,B,154.93,0.012,0
483,A,386.71,0.415,1
484,A,127.56,0.171,0
485,C,84.62,0.426,0
486,A,310.26,0.425,1
487,B,352.0,0.12,1
488,D,26.77,0.385,0
489,C,270.45,0.27,0
490,B,282.82,0.312,1
491,C,53.59,0.405,0
492,C,149.1,0.448,0
493,D,68.88,0.267,0
494,B,301.13,0.103,1
495,C,346.15,0.151,1
496,C,60.41,0.206,0
497,B,496.98,0.027,1
498,A,98.98,0.226,0
499,B,325.14,0.101,1
500,C,495.74,0.211,1
501,B,389.28,0.323,1
502,B,55.2,0.322,0
503,B,386.17,0.147,1
504,C,66.8,0.262,0
505,D,104.95,0.052,0
506,D,394.13,0.228,1
507,A,277.41,0.061,0
508,B,472.98,0.249,1
509,C,401.97,0.353,1
510,B,260.58,0.016,0
511,D,349.81,0.487,1
512,D,431.53,0.087,1
513,D,429.78,0.134,1
514,A,457.07,0.157,1
515,A,24.35,0.146,0
516,A,348.08,0.47,1
517,B,14.29,0.124,0
518,C,340.32,0.494,1
519,C,307.7,0.018,1
520,C,209.1,0.069,0
521,C,418.64,0.486,1
522,D,278.47,0.148,1
523,A,74.45,0.41,0
524,C,191.91,0.167,0
525,A,218.96,0.318,0
526,C,268.96,0.192,0
527,C,12.14,0.414,0
528,D,279.7,0.022,1
529,C,289.61,0.357,1
530,D,203.9,0.357,0
531,C,419.68,0.457,1
532,C,123.62,0.254,0
533,A,98.54,0.352,0
534,C,419.29,0.277,1
535,C,332.19,0.481,1
536,D,375.14,0.011,1
537,A,121.3,0.413,0
538,A,75.3,0.403,0
539,B,53.24,0.21,0
540,B,234.31,0.307,0
541,D,487.02,0.024,1
542,D,226.63,0.162,0
543,B,426.87,0.243,1
544,C,334.56,0.089,1
545,D,496.19,0.058,1
546,A,92.82,0.354,0
547,A,115.59,0.211,0
548,B,371.45,0.498,1
549,C,34.92,0.384,0
550,C,147.43,0.05,0
551,C,101.83,0.311,0
552,C,162.31,0.37,0
553,D,71.31,0.472,0
554,B,387.22,0.471,1
555,D,431.12,0.409,1
556,D,379.72,0.113,1
557,C,463.4,0.203,1
558,A,283.21,0.389,1
559,C,482.27,0.317,1
560,D,168.01,0.141,0
561,C,344.06,0.01,1
562,D,93.53,0.31,0
563,D,23.7,0.212,0
564,A,462.32,0.415,1
565,D,49.56,0.354,0
566,D,122.0,0.247,0
567,B,257.56,0.331,0
568,B,122.39,0.461,0
569,B,269.76,0.188,0
570,D,314.08,0.205,1
571,B,330.78,0.233,1
572,A,401.83,0.25,1
573,C,396.34,0.307,1
574,D,477.15,0.448,1
575,B,250.24,0.4,0
576,D,155.59,0.344,0
577,D,247.39,0.042,0
578,C,24.26,0.413,0
579,D,410.79,0.341,1
580,B,488.92,0.345,1
581,B,164.56,0.261,0
582,D,78.15,0.171,0
583,C,94.23,0.096,0
584,A,487.96,0.303,1
585,B,263.91,0.048,0
586,B,82.68,0.463,0
587,A,110.24,0.478,0
588,D,273.45,0.095,0
589,C,346.09,0.137,1
590,D,127.42,0.313,0
591,A,483.19,0.077,1
592,A,51.26,0.217,0
593,A,446.56,0.261,1
594,B,12.46,0.294,0
595,C,223.5,0.409,0
596,C,202.58,0.226,0
597,A,322.33,0.186,1
598,B,75.42,0.004,0
599,C,167.14,0.198,0
600,A,93.98,0.497,0
601,D,454.72,0.216,1
602,C,327.13,0.038,1
603,C,349.47,0.108,1
604,A,34.46,0.445,0
605,A,228.89,0.298,0
606,D,335.4,0.173,1
607,D,109.45,0.044,0
608,B,136.55,0.494,0
609,A,108.16,0.262,0
610,D,434.05,0.305,1
611,B,153.04,0.08,0
612,B,118.09,0.306,0
613,C,158.25,0.32,0
614,D,37.18,0.274,0
615,D,380.54,0.448,1
616,C,79.9,0.299,0
617,B,405.82,0.445,1
618,B,341.74,0.466,1
619,B,255.77,0.257,0
620,D,46.57,0.462,0
621,D,106.27,0.245,0
622,B,398.65,0.296,1
623,B,167.92,0.464,0
624,D,296.43,0.391,1
625,D,34.91,0.288,0
626,C,493.08,0.303,1
627,A,465.0,0.242,1
628,A,425.62,0.455,1
629,A,248.66,0.225,0
630,C,37.37,0.129,0
631,D,98.62,0.445,0
632,C,479.28,0.173,1
633,C,199.67,0.079,0
634,C,81.18,0.166,0
635,B,181.19,0.089,0
636,B,301.78,0.053,1
637,A,236.33,0.11,0
638,C,399.28,0.332,1
639,D,450.96,0.13,1
640,B,358.71,0.347,1
641,B,65.44,0.304,0
642,A,104.01,0.071,0
643,A,271.01,0.24,0
644,D,178.36,0.335,0
645,A,163.4,0.035,0
646,D,101.95,0.457,0
647,A,315.71,0.432,1
648,A,294.66,0.166,1
649,C,136.33,0.068,0
650,D,331.54,0.13,1
651,D,265.77,0.328,0
652,C,479.2,0.07,1
653,A,296.86,0.227,1
654,C,170.93,0.5,0
655,A,162.58,0.138,0
656,B,11.16,0.393,0
657,D,146.35,0.04,0
658,B,212.59,0.054,0
659,B,236.3,0.029,0
660,C,179.03,0.44,0
661,D,296.16,0.206,1
662,A,177.8,0.469,0
663,C,435.31,0.105,1
664,B,377.55,0.038,1
665,D,220.66,0.058,0
666,C,30.19,0.026,0
667,A,13.63,0.227,0
668,D,408.49,0.325,1
669,C,308.36,0.073,1
670,D,259.93,0.297,0
671,C,359.16,0.055,1
672,D,179.49,0.413,0
673,D,452.04,0.358,1
674,C,11.4,0.241,0
675,A,136.89,0.424,0
676,C,124.76,0.488,0
677,A,75.28,0.297,0
678,C,217.0,0.17,0
679,B,61.38,0.473,0
680,A,456.24,0.164,1
681,D,349.19,0.484,1
682,C,295.19,0.311,1
683,D,95.5,0.095,0
684,B,108.38,0.127,0
685,C,156.99,0.232,0
686,C,21.84,0.384,0
687,D,298.11,0.485,1
688,C,43.07,0.357,0
689,B,111.5,0.098,0
690,C,197.46,0.379,0
691,B,295.21,0.259,1
692,A,481.12,0.089,1
693,C,464.95,0.35,1
694,B,58.33,0.225,0
695,D,241.72,0.282,0
696,C,264.12,0.486,0
697,D,205.32,0.03,0
698,C,271.67,0.428,0
699,B,70.16,0.388,0
700,A,162.57,0.242,0
701,B,346.01,0.031,1
702,D,298.34,0.093,1
703,C,33.96,0.445,0
704,C,116.58,0.497,0
705,A,496.64,0.135,1
706,A,498.81,0.274,1
707,B,326.51,0.24,1
708,D,378.26,0.382,1
709,C,305.16,0.408,1
710,A,394.86,0.5,1
711,B,333.7,0.436,1
712,B,432.03,0.142,1
713,A,259.64,0.394,0
714,D,139.51,0.445,0
715,C,83.21,0.023,0
716,A,23.66,0.357,0
717,D,372.74,0.012,1
718,D,216.33,0.391,0
719,A,303.0,0.094,1
720,C,453.69,0.418,1
721,C,408.78,0.329,1
722,B,469.95,0.382,1
723,C,488.63,0.162,1
724,C,499.09,0.342,1
725,C,390.36,0.46,1
726,D,173.85,0.244,0
727,C,270.85,0.307,0
728,B,498.82,0.01,1
729,C,450.15,0.49,1
730,B,17.81,0.399,0
731,B,371.33,0.134,1
732,C,94.3,0.215,0
733,B,188.43,0.019,0
734,D,154.29,0.445,0
735,B,66.02,0.291,0
736,A,376.65,0.278,1
737,B,469.02,0.141,1
738,A,137.39,0.376,0
739,B,11.86,0.078,0
740,C,24.72,0.238,0
741,B,159.74,0.33,0
742,A,57.05,0.076,0
743,C,26.89,0.494,0
744,A,441.23,0.317,1
745,C,111.75,0.063,0
746,B,351.31,0.197,1
747,B,404.85,0.344,1
748,D,416.92,0.419,1
749,D,297.44,0.141,1
750,C,250.5,0.14,0
751,A,151.29,0.025,0
752,B,371.01,0.203,1
753,D,438.55,0.074,1
754,A,471.63,0.332,1
755,B,475.31,0.063,1
756,D,491.94,0.278,1
757,B,25.63,0.209,0
758,B,472.9,0.038,1
759,B,375.43,0.328,1
760,C,411.45,0.468,1
761,D,35.03,0.226,0
762,D,161.44,0.084,0
763,D,85.62,0.439,0
764,B,23.38,0.487,0
765,D,378.74,0.287,1
766,B,263.93,0.325,0
767,D,56.45,0.154,0
768,A,395.49,0.409,1
769,B,238.84,0.277,0
770,A,224.38,0.488,0
771,B,48.71,0.024,0
772,B,291.33,0.125,1
773,A,67.92,0.077,0
774,D,253.71,0.217,0
775,C,169.23,0.292,0
776,C,181.79,0.455,0
777,B,412.57,0.498,1
778,D,188.97,0.034,0
779,C,197.18,0.028,0
780,B,262.06,0.36,0
781,B,485.39,0.352,1
782,D,335.32,0.347,1
783,C,283.48,0.171,1
784,C,277.96,0.109,1
785,B,288.26,0.122,1
786,A,239.14,0.492,0
787,B,172.5,0.401,0
788,D,57.72,0.346,0
789,A,104.4,0.46,0
790,A,424.58,0.238,1
791,C,163.19,0.489,0
792,D,329.42,0.284,1
793,B,14.69,0.394,0
794,C,140.15,0.148,0
795,D,427.29,0.064,1
796,A,91.62,0.47,0
797,B,196.13,0.349,0
798,D,461.95,0.024,1
799,A,87.82,0.262,0
800,C,69.04,0.492,0
801,C,418.96,0.406,1
802,C,96.49,0.499,0
803,C,223.79,0.303,0
804,C,119.82,0.209,0
805,C,399.91,0.023,1
806,D,316.72,0.128,1
807,C,224.12,0.468,0
808,A,244.39,0.488,0
809,C,391.28,0.241,1
810,B,224.36,0.328,0
811,B,226.15,0.484,0
812,A,428.97,0.074,1
813,B,25.74,0.291,0
814,A,161.48,0.141,0
815,B,67.4,0.385,0
816,C,383.74,0.198,1
817,D,406.62,0.229,1
818,B,453.6,0.335,1
819,C,481.05,0.076,1
820,A,429.33,0.101,1
821,C,233.9,0.331,0
822,C,102.66,0.084,0
823,A,306.61,0.385,1
824,A,317.79,0.433,1
825,B,120.38,0.33,0
826,B,369.12,0.046,1
827,B,55.61,0.485,0
828,D,212.58,0.124,0
829,D,179.59,0.286,0
830,D,39.16,0.228,0
831,C,440.64,0.232,1
832,B,174.41,0.354,0
833,A,104.01,0.025,0
834,C,108.25,0.347,0
835,A,348.74,0.445,1
836,D,273.69,0.159,0
837,C,250.27,0.461,0
838,A,423.46,0.256,1
839,B,258.67,0.024,0
840,B,107.27,0.223,0
841,D,247.11,0.397,0
842,A,424.74,0.381,1
843,D,435.98,0.344,1
844,D,155.6,0.004,0
845,D,460.5,0.205,1
846,A,444.29,0.157,1
847,A,288.96,0.042,1
848,B,54.84,0.475,0
849,B,484.16,0.206,1
850,B,420.08,0.405,1
851,A,49.42,0.365,0
852,B,441.46,0.239,1
853,C,112.95,0.115,0
854,D,487.96,0.052,1
855,C,478.64,0.15,1
856,B,116.52,0.112,0
857,A,368.13,0.01,1
858,A,486.54,0.001,1
859,B,316.29,0.176,1
860,D,25.64,0.072,0
861,A,351.33,0.322,1
862,C,84.33,0.436,0
863,B,453.25,0.354,1
864,C,141.23,0.102,0
865,B,456.94,0.281,1
866,A,178.32,0.152,0
867,D,245.42,0.177,0
868,C,87.92,0.477,0
869,D,73.02,0.399,0
870,A,491.84,0.197,1
871,A,207.72,0.461,0
872,C,228.07,0.134,0
873,B,92.93,0.258,0
874,A,429.84,0.208,1
875,B,71.7,0.142,0
876,B,408.69,0.412,1
877,C,394.35,0.49,1
878,C,364.17,0.113,1
879,C,155.71,0.119,0
880,B,262.23,0.238,0
881,A,489.62,0.241,1
882,A,65.0,0.228,0
883,A,166.96,0.081,0
884,C,99.21,0.177,0
885,A,318.63,0.141,1
886,D,13.61,0.27,0
887,D,269.18,0.467,0
888,A,81.76,0.469,0
889,D,236.91,0.145,0
890,D,24.3,0.097,0
891,B,76.8,0.365,0
892,B,223.01,0.119,0
893,D,374.4,0.296,1
894,B,129.12,0.037,0
895,A,83.47,0.448,0
896,D,222.35,0.337,0
897,C,292.75,0.227,1
898,A,24.29,0.236,0
899,D,115.75,0.061,0
900,D,41.3,0.018,0
901,B,80.04,0.164,0
902,A,29.57,0.218,0
903,B,283.42,0.333,1
904,D,470.12,0.438,1
905,B,261.56,0.26,0
906,B,187.77,0.214,0
907,B,461.84,0.015,1
908,B,448.03,0.077,1
909,B,188.2,0.053,0
910,B,240.32,0.475,0
911,A,383.37,0.022,1
912,B,209.92,0.107,0
913,D,486.43,0.438,1
914,D,428.51,0.397,1
915,B,390.78,0.302,1
916,B,441.83,0.442,1
917,B,84.07,0.372,0
918,D,77.91,0.413,0
919,A,22.83,0.253,0
920,D,122.95,0.486,0
921,B,239.89,0.026,0
922,C,312.3,0.129,1
923,D,270.83,0.35,0
924,C,96.74,0.091,0
925,A,177.29,0.23,0
926,C,413.06,0.312,1
927,C,375.48,0.397,1
928,D,16.34,0.036,0
929,C,411.11,0.278,1
930,C,210.88,0.195,0
931,C,182.34,0.36,0
932,D,180.92,0.129,0
933,B,125.75,0.015,0
934,A,436.84,0.442,1
935,A,218.51,0.493,0
936,C,308.55,0.359,1
937,C,363.64,0.442,1
938,B,230.36,0.2,0
939,D,498.76,0.437,1
940,D,363.29,0.364,1
941,D,235.29,0.438,0
942,A,271.1,0.412,0
943,C,193.05,0.104,0
944,A,124.99,0.29,0
945,C,144.15,0.496,0
946,D,141.16,0.233,0
947,B,107.83,0.092,0
948,B,476.7,0.343,1
949,D,414.17,0.26,1
950,C,335.62,0.369,1
951,C,486.24,0.442,1
952,D,384.25,0.485,1
953,A,251.25,0.232,0
954,A,388.87,0.477,1
955,D,205.4,0.225,0
956,D,454.68,0.388,1
957,C,341.67,0.456,1
958,C,411.1,0.384,1
959,C,149.03,0.047,0
960,A,383.9,0.22,1
961,A,280.72,0.051,1
962,A,373.83,0.151,1
963,D,103.81,0.403,0
964,D,247.6,0.011,0
965,B,78.06,0.01,0
966,B,22.67,0.077,0
967,D,271.55,0.019,0
968,C,29.81,0.214,0
969,A,496.49,0.083,1
970,C,234.47,0.277,0
971,A,15.95,0.37,0
972,D,109.59,0.079,0
973,D,366.31,0.016,1
974,C,355.54,0.032,1
975,B,84.16,0.293,0
976,A,381.21,0.189,1
977,C,313.79,0.107,1
978,B,332.3,0.449,1
979,D,16.8,0.184,0
980,D,493.18,0.06,1
981,C,432.41,0.347,1
982,C,495.82,0.062,1
983,A,451.89,0.124,1
984,A,452.53,0.297,1
985,B,42.34,0.202,0
986,D,241.12,0.19,0
987,B,394.33,0.283,1
988,B,481.24,0.038,1
989,D,162.29,0.177,0
990,B,177.99,0.116,0
991,D,290.21,0.199,1
992,D,11.87,0.371,0
993,A,366.81,0.066,1
994,A,429.99,0.012,1
995,C,347.58,0.353,1
996,B,248.53,0.297,0
997,A,69.52,0.428,0
998,B,483.0,0.247,1
999,C,210.33,0.022,0
1000,C,392.27,0.117,1
1001,D,339.27,0.155,1
1002,B,282.42,0.461,1
1003,D,388.86,0.242,1
1004,A,238.33,0.138,0
1005,D,25.85,0.391,0
1006,D,311.48,0.113,1
1007,D,30.91,0.257,0
1008,A,68.08,0.321,0
1009,D,410.19,0.344,1
1010,D,449.18,0.409,1
1011,A,388.75,0.295,1
1012,D,85.75,0.26,0
1013,C,381.12,0.043,1
1014,A,232.6,0.184,0
1015,D,239.33,0.129,0
1016,A,490.59,0.308,1
1017,B,338.78,0.336,1
1018,A,78.94,0.371,0
1019,A,86.21,0.468,0
1020,D,378.27,0.049,1
1021,A,220.07,0.214,0
1022,D,304.71,0.28,1
1023,D,415.07,0.413,1
1024,A,492.68,0.252,1
1025,A,111.7,0.011,0
1026,D,350.8,0.245,1
1027,C,109.88,0.381,0
1028,B,312.9,0.279,1
1029,B,110.99,0.283,0
1030,A,489.82,0.142,1
1031,B,334.21,0.202,1
1032,B,249.26,0.472,0
1033,D,159.87,0.249,0
1034,C,439.41,0.237,1
1035,C,227.75,0.106,0
1036,A,78.1,0.226,0
1037,B,385.9,0.19,1
1038,A,140.81,0.278,0
1039,C,62.9,0.23,0
1040,B,139.77,0.402,0
1041,C,355.71,0.354,1
1042,C,375.47,0.394,1
1043,D,99.71,0.346,0
1044,D,71.97,0.049,0
1045,B,482.33,0.491,1
1046,C,491.79,0.211,1
1047,C,311.92,0.226,1
1048,D,313.73,0.322,1
1049,B,302.63,0.064,1
1050,B,329.01,0.151,1
1051,D,61.62,0.37,0
1052,A,74.68,0.233,0
1053,C,36.04,0.468,0
1054,A,136.42,0.199,0
1055,B,203.54,0.207,0
1056,A,348.87,0.486,1
1057,A,380.07,0.145,1
1058,B,370.63,0.074,1
1059,C,195.81,0.456,0
1060,D,402.7,0.314,1
1061,C,171.2,0.154,0
1062,A,387.86,0.002,1
1063,A,465.02,0.009,1
1064,B,267.91,0.479,0
1065,C,341.41,0.446,1
1066,A,228.29,0.217,0
1067,C,359.27,0.283,1
1068,A,380.17,0.467,1
1069,C,472.5,0.382,1
1070,D,299.09,0.051,1
1071,B,463.69,0.277,1
1072,C,487.41,0.298,1
1073,D,152.39,0.147,0
1074,C,154.84,0.233,0
1075,B,462.36,0.226,1
1076,B,247.58,0.458,0
1077,D,348.05,0.266,1
1078,C,35.04,0.499,0
1079,D,105.47,0.181,0
1080,D,397.36,0.02,1
1081,A,419.63,0.019,1
1082,C,174.55,0.291,0
1083,C,414.51,0.221,1
1084,D,18.09,0.33,0
1085,D,291.04,0.39,1
1086,B,104.37,0.497,0
1087,B,86.04,0.035,0
1088,B,112.39,0.386,0
1089,A,392.23,0.151,1
1090,B,351.29,0.159,1
1091,A,353.07,0.488,1
1092,C,139.99,0.354,0
1093,D,39.69,0.113,0
1094,B,77.14,0.427,0
1095,A,42.64,0.302,0
1096,B,264.75,0.071,0
1097,B,354.16,0.155,1
1098,A,18.02,0.491,0
1099,D,87.85,0.153,0
1100,D,101.08,0.268,0
1101,C,89.8,0.002,0
1102,D,482.58,0.22,1
1103,B,94.45,0.346,0
1104,D,322.04,0.457,1
1105,B,114.97,0.305,0
1106,C,337.94,0.499,1
1107,C,330.29,0.187,1
1108,C,400.43,0.207,1
1109,B,369.13,0.259,1
1110,C,127.38,0.464,0
1111,C,133.9,0.084,0
1112,B,321.38,0.203,1
1113,C,357.52,0.176,1
1114,A,497.11,0.181,1
1115,B,224.31,0.322,0
1116,D,88.03,0.176,0
1117,A,353.8,0.155,1
1118,C,284.56,0.127,1
1119,A,417.68,0.253,1
1120,D,33.85,0.091,0
1121,D,457.46,0.279,1
1122,A,496.85,0.271,1
1123,B,165.36,0.078,0
1124,D,352.81,0.129,1
1125,C,340.39,0.382,1
1126,C,429.03,0.451,1
1127,B,435.95,0.352,1
1128,B,131.78,0.406,0
1129,C,211.59,0.238,0
1130,B,469.46,0.354,1
1131,B,63.4,0.368,0
1132,A,282.81,0.003,1
1133,D,169.1,0.363,0
1134,C,309.7,0.427,1
1135,C,394.59,0.216,1
1136,A,124.73,0.305,0
1137,D,56.41,0.337,0
1138,D,226.96,0.028,0
1139,D,420.17,0.382,1
1140,D,133.46,0.021,0
1141,D,275.23,0.134,0
1142,A,137.22,0.277,0
1143,C,253.66,0.292,0
1144,A,419.99,0.122,1
1145,C,196.18,0.461,0
1146,D,411.1,0.105,1
1147,C,430.21,0.098,1
1148,B,428.29,0.466,1
1149,B,43.34,0.256,0
1150,D,221.24,0.423,0
1151,B,99.11,0.089,0
1152,C,379.3,0.132,1
1153,A,30.24,0.094,0
1154,A,85.08,0.201,0
1155,C,464.4,0.346,1
1156,D,146.61,0.411,0
1157,B,321.96,0.282,1
1158,A,319.63,0.187,1
1159,B,31.37,0.41,0
1160,D,372.38,0.085,1
1161,B,413.1,0.241,1
1162,B,80.12,0.251,0
1163,A,331.66,0.385,1
1164,B,286.94,0.35,1
1165,C,184.44,0.377,0
1166,A,182.94,0.133,0
1167,C,265.07,0.421,0
1168,D,64.93,0.024,0
1169,A,162.73,0.077,0
1170,C,234.72,0.063,0
1171,D,162.53,0.404,0
1172,B,39.72,0.051,0
1173,C,14.04,0.055,0
1174,B,222.01,0.292,0
1175,D,107.81,0.397,0
1176,B,290.78,0.363,1
1177,B,458.4,0.462,1
1178,B,496.94,0.343,1
1179,B,270.02,0.261,0
1180,A,451.01,0.343,1
1181,A,91.99,0.203,0
1182,B,467.46,0.073,1
1183,C,365.24,0.061,1
1184,B,228.31,0.002,0
1185,D,427.14,0.163,1
1186,C,137.35,0.484,0
1187,C,475.72,0.426,1
1188,A,161.72,0.456,0
1189,C,94.41,0.429,0
1190,C,53.76,0.019,0
1191,B,210.44,0.219,0
1192,C,281.53,0.234,1
1193,D,313.99,0.112,1
1194,C,469.86,0.327,1
1195,B,226.94,0.163,0
1196,A,278.87,0.128,1
1197,A,38.25,0.137,0
1198,D,428.01,0.13,1
1199,B,400.43,0.347,1
1200,C,187.13,0.455,0
1201,B,206.85,0.142,0
1202,B,143.38,0.492,0
1203,C,114.17,0.324,0
1204,B,446.12,0.061,1
1205,D,304.23,0.035,1
1206,A,392.19,0.225,1
1207,A,171.69,0.327,0
1208,B,160.02,0.268,0
1209,B,99.78,0.471,0
1210,B,431.07,0.488,1
1211,A,57.02,0.449,0
1212,D,443.55,0.246,1
1213,A,116.55,0.1,0
1214,A,402.83,0.087,1
1215,D,304.61,0.438,1
1216,D,420.61,0.093,1
1217,A,167.29,0.094,0
1218,D,145.16,0.205,0
1219,D,64.37,0.488,0
1220,D,478.98,0.152,1
1221,B,63.42,0.466,0
1222,D,200.05,0.428,0
1223,A,316.36,0.422,1
1224,C,62.91,0.328,0
1225,C,179.35,0.348,0
1226,A,328.98,0.431,1
1227,B,132.93,0.279,0
1228,C,404.29,0.379,1
1229,B,18.64,0.338,0
1230,C,385.11,0.116,1
1231,D,123.15,0.474,0
1232,A,85.51,0.025,0
1233,C,339.34,0.017,1
1234,A,175.34,0.083,0
1235,C,385.23,0.142,1
1236,A,192.71,0.023,0
1237,B,61.44,0.38,0
1238,A,334.42,0.267,1
1239,D,378.45,0.359,1
1240,A,271.57,0.29,0
1241,C,303.75,0.102,1
1242,D,300.19,0.482,1
1243,B,355.08,0.385,1
1244,A,444.09,0.457,1
1245,B,488.99,0.201,1
1246,C,258.36,0.409,0
1247,A,95.96,0.39,0
1248,C,63.5,0.326,0
1249,C,58.6,0.053,0
1250,D,421.1,0.146,1
1251,D,304.91,0.075,1
1252,C,190.85,0.356,0
1253,C,35.21,0.304,0
1254,A,189.44,0.392,0
1255,C,169.45,0.299,0
1256,D,135.77,0.4,0
1257,D,399.2,0.035,1
1258,A,216.74,0.349,0
1259,C,283.14,0.332,1
1260,C,25.61,0.483,0
1261,C,373.02,0.025,1
1262,A,48.45,0.336,0
1263,C,264.88,0.132,0
1264,A,38.39,0.232,0
1265,B,77.37,0.412,0
1266,A,398.07,0.128,1
1267,C,315.09,0.391,1
1268,D,410.3,0.352,1
1269,D,308.38,0.251,1
1270,B,446.73,0.314,1
1271,B,483.34,0.494,1
1272,D,407.35,0.225,1
1273,D,344.56,0.157,1
1274,A,425.63,0.04,1
1275,A,166.29,0.434,0
1276,D,422.49,0.091,1
1277,A,448.21,0.4,1
1278,B,279.65,0.206,1
1279,C,408.18,0.418,1
1280,A,301.63,0.099,1
1281,A,43.5,0.262,0
1282,D,414.49,0.113,1
1283,D,328.76,0.467,1
1284,B,13.1,0.303,0
1285,B,427.71,0.379,1
1286,D,364.01,0.194,1
1287,B,117.56,0.159,0
1288,B,82.62,0.139,0
1289,A,180.68,0.312,0
1290,D,247.57,0.071,0
1291,B,64.63,0.384,0
1292,A,258.08,0.258,0
1293,C,59.01,0.029,0
1294,A,457.78,0.38,1
1295,D,341.08,0.352,1
1296,A,383.7,0.395,1
1297,A,155.54,0.363,0
1298,A,449.27,0.482,1
1299,C,186.25,0.337,0
1300,A,296.76,0.17,1
1301,D,16.7,0.466,0
1302,D,438.14,0.275,1
1303,C,449.83,0.237,1
1304,C,395.85,0.02,1
1305,A,168.89,0.132,0
1306,D,354.72,0.098,1
1307,D,57.47,0.466,0
1308,B,277.34,0.239,0
1309,A,193.9,0.389,0
1310,B,354.71,0.052,1
1311,B,263.38,0.165,0
1312,B,131.08,0.396,0
1313,B,124.62,0.098,0
1314,C,70.63,0.172,0
1315,B,301.62,0.012,1
1316,C,451.12,0.03,1
1317,D,197.25,0.413,0
1318,D,351.96,0.019,1
1319,B,25.07,0.061,0
1320,A,279.34,0.453,1
1321,B,55.35,0.223,0
1322,C,373.16,0.489,1
1323,B,340.24,0.163,1
1324,D,245.17,0.012,0
1325,B,195.54,0.029,0
1326,D,366.58,0.147,1
1327,B,339.36,0.004,1
1328,B,81.17,0.055,0
1329,A,232.27,0.419,0
1330,A,94.22,0.256,0
1331,A,119.48,0.385,0
1332,A,136.51,0.418,0
1333,C,223.24,0.451,0
1334,B,186.96,0.059,0
1335,B,498.86,0.0,1
1336,C,367.44,0.405,1
1337,B,327.2,0.325,1
1338,B,107.19,0.389,0
1339,A,368.64,0.238,1
1340,D,394.86,0.003,1
1341,C,338.72,0.456,1
1342,C,223.93,0.271,0
1343,D,453.95,0.317,1
1344,A,288.04,0.312,1
1345,B,388.7,0.101,1
1346,D,168.72,0.295,0
1347,D,192.14,0.339,0
1348,B,165.96,0.063,0
1349,C,473.05,0.017,1
1350,C,224.08,0.223,0
1351,A,48.35,0.072,0
1352,D,130.86,0.489,0
1353,B,158.87,0.151,0
1354,C,46.51,0.083,0
1355,C,21.44,0.316,0
1356,A,335.37,0.332,1
1357,A,468.56,0.39,1
1358,D,273.24,0.116,0
1359,A,151.93,0.182,0
1360,C,52.64,0.199,0
1361,A,137.07,0.477,0
1362,B,32.08,0.085,0
1363,D,251.51,0.042,0
1364,C,366.67,0.148,1
1365,A,211.3,0.035,0
1366,D,243.11,0.293,0
1367,B,217.49,0.443,0
1368,A,451.52,0.167,1
1369,A,387.26,0.322,1
1370,D,107.86,0.061,0
1371,B,207.23,0.221,0
1372,D,179.04,0.244,0
1373,B,98.8,0.235,0
1374,D,202.17,0.039,0
1375,A,351.71,0.25,1
1376,B,402.12,0.409,1
1377,B,120.43,0.028,0
1378,C,493.43,0.004,1
1379,D,472.76,0.388,1
1380,C,42.84,0.316,0
1381,A,481.35,0.119,1
1382,D,165.07,0.017,0
1383,C,107.53,0.121,0
1384,D,87.32,0.178,0
1385,D,63.75,0.153,0
1386,C,307.28,0.306,1
1387,D,70.75,0.128,0
1388,D,165.12,0.15,0
1389,C,385.15,0.003,1
1390,A,466.77,0.274,1
1391,A,335.27,0.218,1
1392,A,185.06,0.159,0
1393,A,134.34,0.027,0
1394,D,12.99,0.175,0
1395,D,494.18,0.411,1
1396,A,37.2,0.067,0
1397,A,434.26,0.07,1
1398,A,390.8,0.143,1
1399,D,223.87,0.499,0
1400,B,462.89,0.446,1
1401,D,380.11,0.477,1
1402,B,404.21,0.402,1
1403,A,65.05,0.431,0
1404,D,105.47,0.1,0
1405,C,373.68,0.185,1
1406,D,352.48,0.445,1
1407,A,252.66,0.483,0
1408,D,278.6,0.236,1
1409,C,488.63,0.026,1
1410,C,426.69,0.414,1
1411,C,291.96,0.105,1
1412,A,135.58,0.39,0
1413,C,209.32,0.282,0
1414,A,358.72,0.149,1
1415,A,306.14,0.321,1
1416,D,16.0,0.109,0
1417,B,164.59,0.362,0
1418,D,172.83,0.097,0
1419,A,351.13,0.015,1
1420,A,285.05,0.299,1
1421,D,259.89,0.356,0
1422,C,479.58,0.056,1
1423,C,300.95,0.244,1
1424,D,162.16,0.416,0
1425,A,294.91,0.245,1
1426,B,245.93,0.059,0
1427,B,251.3,0.413,0
1428,D,101.95,0.054,0
1429,A,177.24,0.388,0
1430,D,14.44,0.164,0
1431,C,72.31,0.023,0
1432,B,359.97,0.041,1
1433,B,321.6,0.171,1
1434,B,185.61,0.364,0
1435,A,377.89,0.116,1
1436,D,224.26,0.403,0
1437,B,234.38,0.22,0
1438,D,195.5,0.059,0
1439,D,226.2,0.05,0
1440,C,31.22,0.44,0
1441,D,422.0,0.275,1
1442,C,165.56,0.466,0
1443,A,199.26,0.213,0
1444,C,238.36,0.25,0
1445,C,80.18,0.37,0
1446,B,98.33,0.087,0
1447,C,433.99,0.196,1
1448,A,398.67,0.177,1
1449,B,139.29,0.433,0
1450,A,486.36,0.265,1
1451,A,458.63,0.468,1
1452,C,271.07,0.019,0
1453,D,135.15,0.263,0
1454,A,18.89,0.473,0
1455,C,341.35,0.083,1
1456,B,21.91,0.16,0
1457,A,180.08,0.276,0
1458,C,92.6,0.191,0
1459,D,401.42,0.257,1
1460,D,188.07,0.208,0
1461,A,257.23,0.177,0
1462,D,37.71,0.376,0
1463,B,298.41,0.459,1
1464,C,429.0,0.255,1
1465,A,415.58,0.028,1
1466,B,226.54,0.279,0
1467,A,435.83,0.412,1
1468,A,133.98,0.449,0
1469,A,160.12,0.358,0
1470,D,170.01,0.259,0
1471,A,223.77,0.028,0
1472,D,342.98,0.077,1
1473,B,301.21,0.481,1
1474,A,178.24,0.271,0
1475,B,447.9,0.404,1
1476,B,492.87,0.052,1
1477,A,228.95,0.396,0
1478,B,479.59,0.04,1
1479,D,148.0,0.391,0
1480,B,28.74,0.146,0
1481,B,374.61,0.066,1
1482,B,254.62,0.181,0
1483,D,244.68,0.095,0
1484,C,78.42,0.104,0
1485,C,331.01,0.211,1
1486,A,34.81,0.347,0
1487,A,36.21,0.198,0
1488,A,259.75,0.267,0
1489,A,305.43,0.036,1
1490,A,294.95,0.055,1
1491,D,108.37,0.087,0
1492,D,189.63,0.237,0
1493,B,384.51,0.209,1
1494,B,231.45,0.482,0
1495,B,111.87,0.391,0
1496,C,470.83,0.327,1
1497,B,85.37,0.098,0
1498,B,338.6,0.229,1
1499,D,274.15,0.251,0
1500,B,184.05,0.305,0
1501,A,160.23,0.289,0
1502,D,342.68,0.498,1
1503,C,132.17,0.394,0
1504,C,46.82,0.399,0
1505,C,349.7,0.257,1
1506,A,95.69,0.479,0
1507,C,191.01,0.479,0
1508,A,53.13,0.149,0
1509,B,491.39,0.147,1
1510,B,430.68,0.312,1
1511,A,21.38,0.418,0
1512,C,179.55,0.484,0
1513,B,285.26,0.33,1
1514,C,143.14,0.24,0
1515,B,470.15,0.12,1
1516,C,477.81,0.103,1
1517,C,43.42,0.268,0
1518,B,280.81,0.495,1
1519,A,301.36,0.39,1
1520,C,367.66,0.313,1
1521,B,318.86,0.44,1
1522,C,56.7,0.163,0
1523,C,452.42,0.203,1
1524,D,30.88,0.274,0
1525,D,177.73,0.267,0
1526,A,301.66,0.281,1
1527,B,34.17,0.406,0
1528,C,122.35,0.054,0
1529,A,366.7,0.47,1
1530,A,94.48,0.356,0
1531,D,330.08,0.326,1
1532,A,144.62,0.271,0
1533,C,445.36,0.469,1
1534,B,330.87,0.061,1
1535,D,349.81,0.384,1
1536,C,258.37,0.327,0
1537,A,132.91,0.305,0
1538,C,369.64,0.003,1
1539,A,229.19,0.044,0
1540,C,357.32,0.433,1
1541,A,305.6,0.194,1
1542,C,437.16,0.428,1
1543,A,148.3,0.207,0
1544,D,157.14,0.21,0
1545,B,315.57,0.01,1
1546,C,329.16,0.25,1
1547,D,352.9,0.274,1
1548,B,310.34,0.389,1
1549,B,344.96,0.256,1
1550,D,305.79,0.363,1
1551,A,239.92,0.475,0
1552,A,377.55,0.075,1
1553,C,275.96,0.486,0
1554,A,486.83,0.467,1
1555,B,148.03,0.423,0
1556,D,319.88,0.094,1
1557,A,42.67,0.142,0
1558,A,396.6,0.262,1
1559,B,176.35,0.112,0
1560,A,162.52,0.223,0
1561,B,168.13,0.234,0
1562,D,176.14,0.261,0
1563,A,194.95,0.073,0
1564,B,47.56,0.385,0
1565,B,132.62,0.145,0
1566,D,203.57,0.327,0
1567,D,50.24,0.229,0
1568,C,91.8,0.342,0
1569,D,196.62,0.301,0
1570,D,147.89,0.454,0
1571,A,271.05,0.27,0
1572,D,164.95,0.049,0
1573,D,95.39,0.439,0
1574,A,141.74,0.393,0
1575,A,322.87,0.351,1
1576,A,182.26,0.352,0
1577,D,36.66,0.035,0
1578,C,336.76,0.138,1
1579,C,202.08,0.128,0
1580,A,165.01,0.345,0
1581,D,232.01,0.43,0
1582,B,291.19,0.015,1
1583,B,495.44,0.383,1
1584,B,443.23,0.254,1
1585,B,53.13,0.214,0
1586,D,360.14,0.134,1
1587,D,265.59,0.233,0
1588,A,31.37,0.193,0
1589,C,157.92,0.457,0
1590,A,121.87,0.404,0
1591,A,485.91,0.16,1
1592,A,116.39,0.359,0
1593,C,390.17,0.063,1
1594,B,196.44,0.188,0
1595,C,228.42,0.38,0
1596,A,257.49,0.207,0
1597,A,213.32,0.47,0
1598,B,121.35,0.243,0
1599,A,327.46,0.169,1
1600,C,156.12,0.296,0
1601,C,250.29,0.448,0
1602,C,74.53,0.049,0
1603,C,297.25,0.103,1
1604,A,261.43,0.34,0
1605,A,222.42,0.331,0
1606,B,309.88,0.099,1
1607,B,368.72,0.472,1
1608,B,315.41,0.117,1
1609,C,442.12,0.293,1
1610,D,415.54,0.276,1
1611,D,388.45,0.176,1
1612,C,304.69,0.315,1
1613,C,250.95,0.146,0
1614,A,83.08,0.28,0
1615,C,95.06,0.186,0
1616,D,378.44,0.162,1
1617,A,188.17,0.357,0
1618,A,434.0,0.234,1
1619,B,443.35,0.342,1
1620,B,494.65,0.187,1
1621,D,164.13,0.04,0
1622,C,412.62,0.457,1
1623,B,136.23,0.009,0
1624,C,257.82,0.234,0
1625,D,153.24,0.423,0
1626,A,185.47,0.079,0
1627,A,481.24,0.443,1
1628,C,215.42,0.032,0
1629,B,85.59,0.484,0
1630,B,120.22,0.462,0
1631,A,243.38,0.289,0
1632,B,436.81,0.097,1
1633,D,248.34,0.138,0
1634,A,139.46,0.496,0
1635,C,185.7,0.327,0
1636,D,240.95,0.052,0
1637,A,26.01,0.137,0
1638,C,451.16,0.19,1
1639,A,261.0,0.111,0
1640,B,160.93,0.403,0
1641,B,168.96,0.159,0
1642,B,47.99,0.367,0
1643,C,38.26,0.214,0
1644,D,452.03,0.322,1
1645,A,387.57,0.102,1
1646,D,300.33,0.413,1
1647,C,125.04,0.364,0
1648,B,386.68,0.344,1
1649,B,107.78,0.216,0
1650,C,116.51,0.29,0
1651,A,420.37,0.331,1
1652,A,168.08,0.086,0
1653,D,263.35,0.478,0
1654,D,315.04,0.155,1
1655,D,333.22,0.184,1
1656,A,264.72,0.317,0
1657,D,419.11,0.336,1
1658,B,420.37,0.186,1
1659,A,282.26,0.028,1
1660,C,371.22,0.25,1
1661,B,351.95,0.143,1
1662,A,158.9,0.023,0
1663,C,474.84,0.384,1
1664,B,154.67,0.469,0
1665,C,26.15,0.324,0
1666,D,274.15,0.223,0
1667,B,353.37,0.263,1
1668,C,463.09,0.158,1
1669,A,318.84,0.253,1
1670,A,323.97,0.46,1
1671,B,366.49,0.318,1
1672,A,233.93,0.444,0
1673,B,176.11,0.122,0
1674,C,464.84,0.073,1
1675,B,473.4,0.054,1
1676,C,211.14,0.083,0
1677,A,117.46,0.461,0
1678,D,428.73,0.325,1
1679,C,188.51,0.202,0
1680,D,451.42,0.069,1
1681,D,494.71,0.489,1
1682,B,318.49,0.069,1
1683,A,159.02,0.355,0
1684,B,246.28,0.353,0
1685,B,161.71,0.244,0
1686,A,461.87,0.314,1
1687,D,469.04,0.039,1
1688,D,316.83,0.439,1
1689,C,153.89,0.166,0
1690,B,283.07,0.205,1
1691,D,173.71,0.461,0
1692,D,244.1,0.193,0
1693,C,156.92,0.44,0
1694,B,268.2,0.307,0
1695,C,78.96,0.397,0
1696,D,465.08,0.01,1
1697,D,315.26,0.243,1
1698,A,65.0,0.212,0
1699,B,252.15,0.268,0
1700,C,38.57,0.354,0
1701,B,362.65,0.464,1
1702,C,470.61,0.281,1
1703,B,91.89,0.076,0
1704,B,471.26,0.364,1
1705,A,116.56,0.413,0
1706,C,53.36,0.149,0
1707,A,14.36,0.24,0
1708,D,264.14,0.049,0
1709,A,89.05,0.387,0
1710,B,112.49,0.083,0
1711,D,93.46,0.023,0
1712,B,119.13,0.208,0
1713,D,333.87,0.361,1
1714,B,159.08,0.316,0
1715,C,493.18,0.203,1
1716,B,304.55,0.278,1
1717,A,224.78,0.277,0
1718,A,431.25,0.264,1
1719,B,173.04,0.005,0
1720,A,412.34,0.122,1
1721,D,407.57,0.098,1
1722,B,460.24,0.096,1
1723,D,92.98,0.175,0
1724,C,82.39,0.117,0
1725,D,85.81,0.058,0
1726,C,346.08,0.238,1
1727,A,279.62,0.313,1
1728,C,173.0,0.41,0
1729,A,478.88,0.431,1
1730,D,166.78,0.252,0
1731,D,350.77,0.219,1
1732,C,24.01,0.133,0
1733,A,83.46,0.233,0
1734,B,162.6,0.155,0
1735,D,440.06,0.089,1
1736,A,170.31,0.33,0
1737,D,342.4,0.145,1
1738,A,149.23,0.087,0
1739,B,308.04,0.395,1
1740,A,251.12,0.166,0
1741,B,142.67,0.307,0
1742,C,33.99,0.313,0
1743,D,209.12,0.233,0
1744,D,372.19,0.337,1
1745,A,214.17,0.132,0
1746,D,69.47,0.074,0
1747,D,258.86,0.044,0
1748,D,375.35,0.356,1
1749,A,262.98,0.353,0
1750,A,348.41,0.448,1
1751,C,175.76,0.344,0
1752,D,246.59,0.208,0
1753,A,248.58,0.467,0
1754,B,498.0,0.409,1
1755,B,333.0,0.455,1
1756,A,119.53,0.092,0
1757,B,364.49,0.361,1
1758,B,453.0,0.44,1
1759,A,470.3,0.154,1
1760,B,120.72,0.078,0
1761,C,210.42,0.418,0
1762,D,301.59,0.25,1
1763,A,333.19,0.095,1
1764,B,470.7,0.255,1
1765,D,276.86,0.231,0
1766,C,55.04,0.077,0
1767,B,36.97,0.493,0
1768,B,369.54,0.296,1
1769,B,330.22,0.208,1
1770,B,152.65,0.009,0
1771,B,187.51,0.098,0
1772,D,102.4,0.48,0
1773,D,461.98,0.255,1
1774,D,370.43,0.466,1
1775,B,339.71,0.423,1
1776,B,279.69,0.239,1
1777,A,246.59,0.023,0
1778,B,354.69,0.191,1
1779,B,73.95,0.104,0
1780,B,59.98,0.271,0
1781,A,462.42,0.035,1
1782,C,39.0,0.37,0
1783,C,368.05,0.453,1
1784,B,186.12,0.493,0
1785,A,460.91,0.442,1
1786,C,386.62,0.324,1
1787,C,385.62,0.224,1
1788,C,185.69,0.103,0
1789,D,476.4,0.319,1
1790,C,33.5,0.422,0
1791,D,138.18,0.127,0
1792,D,68.88,0.334,0
1793,C,47.37,0.395,0
1794,A,158.7,0.052,0
1795,B,89.31,0.113,0
1796,D,183.61,0.204,0
1797,A,409.96,0.366,1
1798,A,91.97,0.299,0
1799,B,363.62,0.011,1
1800,D,25.0,0.1,0
1801,D,160.15,0.126,0
1802,C,191.75,0.229,0
1803,D,480.18,0.457,1
1804,D,220.68,0.357,0
1805,C,292.16,0.424,1
1806,A,280.11,0.129,1
1807,C,54.83,0.291,0
1808,B,92.6,0.127,0
1809,A,14.16,0.304,0
1810,D,156.75,0.39,0
1811,B,231.27,0.335,0
1812,D,461.28,0.03,1
1813,C,347.85,0.341,1
1814,A,86.03,0.346,0
1815,A,199.95,0.434,0
1816,C,140.66,0.191,0
1817,C,34.97,0.119,0
1818,C,218.29,0.299,0
1819,C,134.63,0.347,0
1820,D,267.14,0.04,0
1821,D,241.34,0.44,0
1822,A,132.01,0.288,0
1823,C,304.13,0.069,1
1824,A,483.84,0.071,1
1825,C,111.33,0.276,0
1826,B,128.35,0.24,0
1827,D,418.76,0.08,1
1828,D,294.88,0.159,1
1829,D,133.59,0.089,0
1830,B,171.7,0.366,0
1831,B,368.49,0.135,1
1832,A,306.2,0.42,1
1833,B,476.97,0.04,1
1834,A,317.82,0.459,1
1835,B,329.21,0.264,1
1836,C,356.26,0.185,1
1837,C,306.71,0.302,1
1838,B,61.09,0.014,0
1839,B,226.91,0.497,0
1840,D,189.54,0.352,0
1841,B,251.67,0.143,0
1842,A,45.19,0.125,0
1843,C,227.29,0.172,0
1844,C,27.2,0.124,0
1845,C,431.79,0.453,1
1846,A,24.58,0.02,0
1847,B,337.87,0.407,1
1848,A,219.92,0.351,0
1849,D,13.19,0.231,0
1850,D,419.77,0.016,1
1851,A,434.1,0.089,1
1852,B,416.76,0.155,1
1853,A,471.88,0.393,1
1854,D,194.29,0.119,0
1855,D,323.95,0.401,1
1856,A,73.45,0.253,0
1857,B,140.33,0.12,0
1858,A,326.82,0.271,1
1859,B,219.46,0.244,0
1860,A,32.45,0.334,0
1861,D,220.92,0.07,0
1862,D,284.95,0.08,1
1863,D,436.92,0.349,1
1864,D,196.88,0.118,0
1865,A,257.1,0.138,0
1866,B,368.12,0.298,1
1867,C,344.68,0.24,1
1868,D,169.06,0.42,0
1869,C,84.28,0.015,0
1870,C,190.41,0.335,0
1871,B,57.03,0.179,0
1872,D,30.96,0.103,0
1873,A,13.3,0.02,0
1874,A,231.68,0.239,0
1875,C,130.5,0.021,0
1876,B,34.12,0.067,0
1877,A,350.52,0.431,1
1878,A,321.18,0.399,1
1879,B,295.16,0.433,1
1880,B,301.09,0.006,1
1881,D,271.03,0.258,0
1882,C,275.83,0.125,0
1883,B,389.32,0.071,1
1884,C,146.33,0.154,0
1885,B,171.12,0.189,0
1886,B,401.04,0.213,1
1887,B,75.93,0.454,0
1888,B,283.76,0.19,1
1889,D,21.5,0.147,0
1890,D,358.97,0.131,1
1891,A,220.8,0.224,0
1892,A,34.35,0.059,0
1893,D,70.52,0.161,0
1894,C,60.36,0.018,0
1895,D,497.6,0.119,1
1896,C,150.17,0.318,0
1897,A,450.46,0.001,1
1898,B,284.88,0.445,1
1899,C,413.97,0.254,1
1900,D,258.04,0.438,0
1901,C,78.53,0.028,0
1902,A,404.58,0.141,1
1903,C,343.17,0.439,1
1904,A,234.47,0.062,0
1905,D,15.24,0.311,0
1906,B,399.81,0.442,1
1907,A,458.2,0.163,1
1908,D,368.33,0.066,1
1909,D,329.41,0.253,1
1910,B,320.25,0.462,1
1911,D,256.37,0.204,0
1912,D,432.95,0.007,1
1913,D,473.94,0.192,1
1914,C,104.94,0.252,0
1915,C,121.48,0.322,0
1916,D,74.76,0.079,0
1917,A,185.23,0.469,0
1918,D,321.74,0.37,1
1919,C,372.61,0.132,1
1920,C,377.83,0.175,1
1921,C,155.52,0.474,0
1922,A,177.48,0.11,0
1923,C,493.74,0.132,1
1924,A,379.26,0.079,1
1925,D,135.62,0.195,0
1926,C,165.25,0.277,0
1927,D,379.48,0.034,1
1928,B,140.4,0.458,0
1929,B,323.73,0.488,1
1930,A,468.82,0.275,1
1931,C,260.43,0.452,0
1932,A,369.01,0.481,1
1933,A,488.73,0.058,1
1934,B,125.37,0.406,0
1935,A,277.36,0.047,1
1936,B,307.52,0.423,1
1937,D,241.61,0.287,0
1938,A,423.48,0.287,1
1939,C,333.86,0.196,1
1940,D,471.43,0.011,1
1941,B,482.6,0.133,1
1942,A,462.82,0.245,1
1943,D,201.96,0.342,0
1944,A,299.75,0.053,1
1945,C,34.45,0.138,0
1946,A,250.75,0.28,0
1947,D,475.59,0.021,1
1948,D,471.84,0.147,1
1949,C,381.86,0.029,1
1950,A,136.72,0.051,0
1951,B,351.06,0.349,1
1952,C,23.11,0.123,0
1953,A,412.9,0.004,1
1954,B,207.34,0.483,0
1955,A,47.91,0.138,0
1956,D,26.97,0.466,0
1957,C,324.92,0.203,1
1958,D,397.67,0.378,1
1959,A,143.82,0.005,0
1960,C,107.81,0.165,0
1961,B,473.22,0.087,1
1962,D,326.18,0.263,1
1963,A,43.31,0.185,0
1964,C,397.62,0.461,1
1965,A,303.76,0.392,1
1966,A,77.07,0.214,0
1967,C,352.6,0.387,1
1968,B,213.32,0.335,0
1969,D,307.04,0.311,1
1970,D,442.5,0.213,1
1971,D,391.46,0.266,1
1972,B,341.91,0.203,1
1973,A,234.15,0.478,0
1974,B,371.92,0.04,1
1975,D,280.35,0.019,1
1976,A,303.67,0.286,1
1977,A,399.08,0.314,1
1978,C,198.62,0.403,0
1979,A,226.37,0.33,0
1980,B,488.04,0.083,1
1981,A,383.59,0.118,1
1982,B,224.1,0.47,0
1983,C,237.05,0.384,0
1984,C,133.64,0.113,0
1985,C,254.83,0.395,0
1986,B,169.71,0.496,0
1987,B,415.15,0.468,1
1988,C,286.51,0.063,1
1989,C,61.24,0.099,0
1990,C,348.49,0.261,1
1991,D,233.1,0.467,0
1992,A,210.55,0.308,0
1993,C,475.08,0.459,1
1994,B,416.22,0.398,1
1995,B,258.46,0.143,0
1996,A,57.14,0.142,0
1997,C,271.39,0.485,0
1998,B,278.51,0.316,1
1999,D,332.04,0.116,1
2000,A,36.06,0.197,0
